12-month Rolling End Date,Source,PHA Rate
2018-01-01,Google Play,1.8658655E-4
2018-01-02,Google Play,1.8732998E-4
2018-01-03,Google Play,1.8816098E-4
2018-01-04,Google Play,1.8922515E-4
2018-01-05,Google Play,1.9070867E-4
2018-01-06,Google Play,1.9211674E-4
2018-01-07,Google Play,1.93336E-4
2018-01-08,Google Play,1.9418071E-4
2018-01-09,Google Play,1.9460479E-4
2018-01-10,Google Play,1.9639176E-4
2018-01-11,Google Play,1.9812457E-4
2018-01-12,Google Play,1.9941271E-4
2018-01-13,Google Play,2.0081368E-4
2018-01-14,Google Play,2.0219735E-4
2018-01-15,Google Play,2.0326745E-4
2018-01-16,Google Play,2.0426701E-4
2018-01-17,Google Play,2.0613504E-4
2018-01-18,Google Play,2.0724624E-4
2018-01-19,Google Play,2.0831492E-4
2018-01-20,Google Play,2.0955926E-4
2018-01-21,Google Play,2.1072607E-4
2018-01-22,Google Play,2.1150382E-4
2018-01-23,Google Play,2.1206234E-4
2018-01-24,Google Play,2.1335615E-4
2018-01-25,Google Play,2.1459386E-4
2018-01-26,Google Play,2.1623656E-4
2018-01-27,Google Play,2.1747527E-4
2018-01-28,Google Play,2.1858071E-4
2018-01-29,Google Play,2.1927996E-4
2018-01-30,Google Play,2.1968628E-4
2018-01-31,Google Play,2.2008388E-4
2018-02-01,Google Play,2.211403E-4
2018-02-02,Google Play,2.231116E-4
2018-02-03,Google Play,2.2472501E-4
2018-02-04,Google Play,2.258352E-4
2018-02-05,Google Play,2.28431E-4
2018-02-06,Google Play,2.3007224E-4
2018-02-07,Google Play,2.323073E-4
2018-02-08,Google Play,2.3431086E-4
2018-02-09,Google Play,2.374332E-4
2018-02-10,Google Play,2.3939299E-4
2018-02-11,Google Play,2.4085517E-4
2018-02-12,Google Play,2.4232529E-4
2018-02-13,Google Play,2.4292161E-4
2018-02-14,Google Play,2.4302301E-4
2018-02-15,Google Play,2.4318912E-4
2018-02-16,Google Play,2.437316E-4
2018-02-17,Google Play,2.4444188E-4
2018-02-18,Google Play,2.4502949E-4
2018-02-19,Google Play,2.4551922E-4
2018-02-20,Google Play,2.4599282E-4
2018-02-21,Google Play,2.462134E-4
2018-02-22,Google Play,2.4640257E-4
2018-02-23,Google Play,2.4701268E-4
2018-02-24,Google Play,2.477551E-4
2018-02-25,Google Play,2.4843132E-4
2018-02-26,Google Play,2.4882733E-4
2018-02-27,Google Play,2.4878932E-4
2018-02-28,Google Play,2.488054E-4
2018-03-01,Google Play,2.4858225E-4
2018-03-02,Google Play,2.4865376E-4
2018-03-03,Google Play,2.4924983E-4
2018-03-04,Google Play,2.4952926E-4
2018-03-05,Google Play,2.4936564E-4
2018-03-06,Google Play,2.4930388E-4
2018-03-07,Google Play,2.4937265E-4
2018-03-08,Google Play,2.4948217E-4
2018-03-09,Google Play,2.4981904E-4
2018-03-10,Google Play,2.5027158E-4
2018-03-11,Google Play,2.5058124E-4
2018-03-12,Google Play,2.5061856E-4
2018-03-13,Google Play,2.5029373E-4
2018-03-14,Google Play,2.499188E-4
2018-03-15,Google Play,2.4959096E-4
2018-03-16,Google Play,2.4973226E-4
2018-03-17,Google Play,2.4988005E-4
2018-03-18,Google Play,2.502242E-4
2018-03-19,Google Play,2.5015717E-4
2018-03-20,Google Play,2.500047E-4
2018-03-21,Google Play,2.506647E-4
2018-03-22,Google Play,2.5141175E-4
2018-03-23,Google Play,2.5241502E-4
2018-03-24,Google Play,2.532384E-4
2018-03-25,Google Play,2.5374987E-4
2018-03-26,Google Play,2.540932E-4
2018-03-27,Google Play,2.5439012E-4
2018-03-28,Google Play,2.5459734E-4
2018-03-29,Google Play,2.5496754E-4
2018-03-30,Google Play,2.5589482E-4
2018-03-31,Google Play,2.5697178E-4
2018-04-01,Google Play,2.5783677E-4
2018-04-02,Google Play,2.5884263E-4
2018-04-03,Google Play,2.6032756E-4
2018-04-04,Google Play,2.6096602E-4
2018-04-05,Google Play,2.6140283E-4
2018-04-06,Google Play,2.61749E-4
2018-04-07,Google Play,2.6244303E-4
2018-04-08,Google Play,2.641854E-4
2018-04-09,Google Play,2.6498674E-4
2018-04-10,Google Play,2.654721E-4
2018-04-11,Google Play,2.6609105E-4
2018-04-12,Google Play,2.666261E-4
2018-04-13,Google Play,2.674104E-4
2018-04-14,Google Play,2.680356E-4
2018-04-15,Google Play,2.6860525E-4
2018-04-16,Google Play,2.6878403E-4
2018-04-17,Google Play,2.6850155E-4
2018-04-18,Google Play,2.683429E-4
2018-04-19,Google Play,2.6885144E-4
2018-04-20,Google Play,2.702797E-4
2018-04-21,Google Play,2.7127253E-4
2018-04-22,Google Play,2.7183458E-4
2018-04-23,Google Play,2.7217047E-4
2018-04-24,Google Play,2.7233633E-4
2018-04-25,Google Play,2.7265315E-4
2018-04-26,Google Play,2.724669E-4
2018-04-27,Google Play,2.7288715E-4
2018-04-28,Google Play,2.7457956E-4
2018-04-29,Google Play,2.7607783E-4
2018-04-30,Google Play,2.767579E-4
2018-05-01,Google Play,2.7717193E-4
2018-05-02,Google Play,2.7775767E-4
2018-05-03,Google Play,2.7891912E-4
2018-05-04,Google Play,2.7998886E-4
2018-05-05,Google Play,2.8112816E-4
2018-05-06,Google Play,2.8200832E-4
2018-05-07,Google Play,2.8263745E-4
2018-05-08,Google Play,2.8310675E-4
2018-05-09,Google Play,2.8336895E-4
2018-05-10,Google Play,2.8365065E-4
2018-05-11,Google Play,2.846336E-4
2018-05-12,Google Play,2.8569825E-4
2018-05-13,Google Play,2.8675635E-4
2018-05-14,Google Play,2.882235E-4
2018-05-15,Google Play,2.895281E-4
2018-05-16,Google Play,2.9037156E-4
2018-05-17,Google Play,2.9126927E-4
2018-05-18,Google Play,2.9307132E-4
2018-05-19,Google Play,2.943275E-4
2018-05-20,Google Play,2.9515915E-4
2018-05-21,Google Play,2.9576282E-4
2018-05-22,Google Play,2.9616425E-4
2018-05-23,Google Play,2.96241E-4
2018-05-24,Google Play,2.9652164E-4
2018-05-25,Google Play,2.973568E-4
2018-05-26,Google Play,2.9869328E-4
2018-05-27,Google Play,2.997692E-4
2018-05-28,Google Play,3.0107913E-4
2018-05-29,Google Play,3.029985E-4
2018-05-30,Google Play,3.0471734E-4
2018-05-31,Google Play,3.06264E-4
2018-06-01,Google Play,3.0775846E-4
2018-06-02,Google Play,3.0940343E-4
2018-06-03,Google Play,3.109174E-4
2018-06-04,Google Play,3.1187176E-4
2018-06-05,Google Play,3.1211055E-4
2018-06-06,Google Play,3.125403E-4
2018-06-07,Google Play,3.131532E-4
2018-06-08,Google Play,3.1368007E-4
2018-06-09,Google Play,3.1462568E-4
2018-06-10,Google Play,3.153943E-4
2018-06-11,Google Play,3.1589772E-4
2018-06-12,Google Play,3.1648914E-4
2018-06-13,Google Play,3.1681615E-4
2018-06-14,Google Play,3.17442E-4
2018-06-15,Google Play,3.1833196E-4
2018-06-16,Google Play,3.1950977E-4
2018-06-17,Google Play,3.207055E-4
2018-06-18,Google Play,3.213273E-4
2018-06-19,Google Play,3.2253776E-4
2018-06-20,Google Play,3.235193E-4
2018-06-21,Google Play,3.236928E-4
2018-06-22,Google Play,3.2468303E-4
2018-06-23,Google Play,3.262214E-4
2018-06-24,Google Play,3.2754368E-4
2018-06-25,Google Play,3.2887494E-4
2018-06-26,Google Play,3.293474E-4
2018-06-27,Google Play,3.3001634E-4
2018-06-28,Google Play,3.306451E-4
2018-06-29,Google Play,3.2992632E-4
2018-06-30,Google Play,3.2956002E-4
2018-07-01,Google Play,3.3034338E-4
2018-07-02,Google Play,3.3095948E-4
2018-07-03,Google Play,3.3115188E-4
2018-07-04,Google Play,3.310345E-4
2018-07-05,Google Play,3.3129324E-4
2018-07-06,Google Play,3.3170066E-4
2018-07-07,Google Play,3.3196594E-4
2018-07-08,Google Play,3.321215E-4
2018-07-09,Google Play,3.3191027E-4
2018-07-10,Google Play,3.3145395E-4
2018-07-11,Google Play,3.3102278E-4
2018-07-12,Google Play,3.3100674E-4
2018-07-13,Google Play,3.3122467E-4
2018-07-14,Google Play,3.3158742E-4
2018-07-15,Google Play,3.3203216E-4
2018-07-16,Google Play,3.321927E-4
2018-07-17,Google Play,3.3231443E-4
2018-07-18,Google Play,3.3257774E-4
2018-07-19,Google Play,3.329076E-4
2018-07-20,Google Play,3.3335833E-4
2018-07-21,Google Play,3.338232E-4
2018-07-22,Google Play,3.3400205E-4
2018-07-23,Google Play,3.3370525E-4
2018-07-24,Google Play,3.335152E-4
2018-07-25,Google Play,3.3354285E-4
2018-07-26,Google Play,3.3359686E-4
2018-07-27,Google Play,3.3382903E-4
2018-07-28,Google Play,3.343672E-4
2018-07-29,Google Play,3.347602E-4
2018-07-30,Google Play,3.349818E-4
2018-07-31,Google Play,3.3481623E-4
2018-08-01,Google Play,3.3455237E-4
2018-08-02,Google Play,3.3458942E-4
2018-08-03,Google Play,3.3474358E-4
2018-08-04,Google Play,3.349948E-4
2018-08-05,Google Play,3.3508232E-4
2018-08-06,Google Play,3.3480092E-4
2018-08-07,Google Play,3.3436445E-4
2018-08-08,Google Play,3.343573E-4
2018-08-09,Google Play,3.3440214E-4
2018-08-10,Google Play,3.3486896E-4
2018-08-11,Google Play,3.3577142E-4
2018-08-12,Google Play,3.3624555E-4
2018-08-13,Google Play,3.3638396E-4
2018-08-14,Google Play,3.36438E-4
2018-08-15,Google Play,3.367025E-4
2018-08-16,Google Play,3.3684657E-4
2018-08-17,Google Play,3.3745394E-4
2018-08-18,Google Play,3.379098E-4
2018-08-19,Google Play,3.3823377E-4
2018-08-20,Google Play,3.3830563E-4
2018-08-21,Google Play,3.3819804E-4
2018-08-22,Google Play,3.3919702E-4
2018-08-23,Google Play,3.398831E-4
2018-08-24,Google Play,3.4095548E-4
2018-08-25,Google Play,3.4195025E-4
2018-08-26,Google Play,3.4283558E-4
2018-08-27,Google Play,3.4317872E-4
2018-08-28,Google Play,3.43668E-4
2018-08-29,Google Play,3.4447244E-4
2018-08-30,Google Play,3.459182E-4
2018-08-31,Google Play,3.4704356E-4
2018-09-01,Google Play,3.4822413E-4
2018-09-02,Google Play,3.4912952E-4
2018-09-03,Google Play,3.506334E-4
2018-09-04,Google Play,3.5129098E-4
2018-09-05,Google Play,3.516035E-4
2018-09-06,Google Play,3.5245426E-4
2018-09-07,Google Play,3.5335083E-4
2018-09-08,Google Play,3.545637E-4
2018-09-09,Google Play,3.5557608E-4
2018-09-10,Google Play,3.5601555E-4
2018-09-11,Google Play,3.558275E-4
2018-09-12,Google Play,3.5590422E-4
2018-09-13,Google Play,3.561566E-4
2018-09-14,Google Play,3.5665662E-4
2018-09-15,Google Play,3.5752464E-4
2018-09-16,Google Play,3.5819918E-4
2018-09-17,Google Play,3.5837182E-4
2018-09-18,Google Play,3.58014E-4
2018-09-19,Google Play,3.580612E-4
2018-09-20,Google Play,3.583563E-4
2018-09-21,Google Play,3.5896068E-4
2018-09-22,Google Play,3.5983208E-4
2018-09-23,Google Play,3.6056043E-4
2018-09-24,Google Play,3.6097423E-4
2018-09-25,Google Play,3.6123724E-4
2018-09-26,Google Play,3.6148072E-4
2018-09-27,Google Play,3.6153066E-4
2018-09-28,Google Play,3.619123E-4
2018-09-29,Google Play,3.624803E-4
2018-09-30,Google Play,3.6308594E-4
2018-10-01,Google Play,3.6344476E-4
2018-10-02,Google Play,3.6364814E-4
2018-10-03,Google Play,3.645215E-4
2018-10-04,Google Play,3.6515284E-4
2018-10-05,Google Play,3.657641E-4
2018-10-06,Google Play,3.672231E-4
2018-10-07,Google Play,3.6847097E-4
2018-10-08,Google Play,3.6927944E-4
2018-10-09,Google Play,3.7004543E-4
2018-10-10,Google Play,3.7108883E-4
2018-10-11,Google Play,3.7180574E-4
2018-10-12,Google Play,3.7260627E-4
2018-10-13,Google Play,3.7416705E-4
2018-10-14,Google Play,3.7585938E-4
2018-10-15,Google Play,3.769798E-4
2018-10-16,Google Play,3.7766973E-4
2018-10-17,Google Play,3.7842165E-4
2018-10-18,Google Play,3.795323E-4
2018-10-19,Google Play,3.807819E-4
2018-10-20,Google Play,3.8217456E-4
2018-10-21,Google Play,3.8370976E-4
2018-10-22,Google Play,3.8274817E-4
2018-10-23,Google Play,3.831161E-4
2018-10-24,Google Play,3.8395578E-4
2018-10-25,Google Play,3.8454944E-4
2018-10-26,Google Play,3.8523076E-4
2018-10-27,Google Play,3.8628737E-4
2018-10-28,Google Play,3.8737818E-4
2018-10-29,Google Play,3.881591E-4
2018-10-30,Google Play,3.8891204E-4
2018-10-31,Google Play,3.8986726E-4
2018-11-01,Google Play,3.9053266E-4
2018-11-02,Google Play,3.9134495E-4
2018-11-03,Google Play,3.9251908E-4
2018-11-04,Google Play,3.9347075E-4
2018-11-05,Google Play,3.9400274E-4
2018-11-06,Google Play,3.9455612E-4
2018-11-07,Google Play,3.9507478E-4
2018-11-08,Google Play,3.954154E-4
2018-11-09,Google Play,3.9608192E-4
2018-11-10,Google Play,3.9736903E-4
2018-11-11,Google Play,3.9817675E-4
2018-11-12,Google Play,3.9857044E-4
2018-11-13,Google Play,3.9868988E-4
2018-11-14,Google Play,3.9906206E-4
2018-11-15,Google Play,3.9976725E-4
2018-11-16,Google Play,4.0049927E-4
2018-11-17,Google Play,4.0151188E-4
2018-11-18,Google Play,4.0219392E-4
2018-11-19,Google Play,4.0210507E-4
2018-11-20,Google Play,4.0226505E-4
2018-11-21,Google Play,4.0272684E-4
2018-11-22,Google Play,4.0335165E-4
2018-11-23,Google Play,4.0390668E-4
2018-11-24,Google Play,4.0437366E-4
2018-11-25,Google Play,4.0478518E-4
2018-11-26,Google Play,4.0484604E-4
2018-11-27,Google Play,4.0478955E-4
2018-11-28,Google Play,4.048088E-4
2018-11-29,Google Play,4.0508222E-4
2018-11-30,Google Play,4.055116E-4
2018-12-01,Google Play,4.064223E-4
2018-12-02,Google Play,4.0734813E-4
2018-12-03,Google Play,4.076013E-4
2018-12-04,Google Play,4.0773276E-4
2018-12-05,Google Play,4.086574E-4
2018-12-06,Google Play,4.0948563E-4
2018-12-07,Google Play,4.1005822E-4
2018-12-08,Google Play,4.1114373E-4
2018-12-09,Google Play,4.118671E-4
2018-12-10,Google Play,4.1197217E-4
2018-12-11,Google Play,4.1224455E-4
2018-12-12,Google Play,4.1272395E-4
2018-12-13,Google Play,4.1289654E-4
2018-12-14,Google Play,4.1323822E-4
2018-12-15,Google Play,4.1401127E-4
2018-12-16,Google Play,4.147504E-4
2018-12-17,Google Play,4.1457766E-4
2018-12-18,Google Play,4.1408223E-4
2018-12-19,Google Play,4.1367163E-4
2018-12-20,Google Play,4.1311557E-4
2018-12-21,Google Play,4.124062E-4
2018-12-22,Google Play,4.1204598E-4
2018-12-23,Google Play,4.1172837E-4
2018-12-24,Google Play,4.1132377E-4
2018-12-25,Google Play,4.1098826E-4
2018-12-26,Google Play,4.1066346E-4
2018-12-27,Google Play,4.102628E-4
2018-12-28,Google Play,4.0996762E-4
2018-12-29,Google Play,4.096732E-4
2018-12-30,Google Play,4.0933443E-4
2018-12-31,Google Play,4.089713E-4
2019-01-01,Google Play,4.084921E-4
2019-01-02,Google Play,4.0811612E-4
2019-01-03,Google Play,4.0762746E-4
2019-01-04,Google Play,4.0720843E-4
2019-01-05,Google Play,4.064847E-4
2019-01-06,Google Play,4.0599122E-4
2019-01-07,Google Play,4.0548225E-4
2019-01-08,Google Play,4.0546345E-4
2019-01-09,Google Play,4.0549817E-4
2019-01-10,Google Play,4.0440084E-4
2019-01-11,Google Play,4.037265E-4
2019-01-12,Google Play,4.0369714E-4
2019-01-13,Google Play,4.0362004E-4
2019-01-14,Google Play,4.0321398E-4
2019-01-15,Google Play,4.0297728E-4
2019-01-16,Google Play,4.0302952E-4
2019-01-17,Google Play,4.0229046E-4
2019-01-18,Google Play,4.0253115E-4
2019-01-19,Google Play,4.0300083E-4
2019-01-20,Google Play,4.032104E-4
2019-01-21,Google Play,4.0284236E-4
2019-01-22,Google Play,4.0259538E-4
2019-01-23,Google Play,4.026201E-4
2019-01-24,Google Play,4.0223837E-4
2019-01-25,Google Play,4.0207425E-4
2019-01-26,Google Play,4.0175495E-4
2019-01-27,Google Play,4.018773E-4
2019-01-28,Google Play,4.0147043E-4
2019-01-29,Google Play,4.0113772E-4
2019-01-30,Google Play,4.018703E-4
2019-01-31,Google Play,4.0311684E-4
2019-02-01,Google Play,4.0390796E-4
2019-02-02,Google Play,4.041012E-4
2019-02-03,Google Play,4.04543E-4
2019-02-04,Google Play,4.0470762E-4
2019-02-05,Google Play,4.0315246E-4
2019-02-06,Google Play,4.0202276E-4
2019-02-07,Google Play,4.006022E-4
2019-02-08,Google Play,3.995353E-4
2019-02-09,Google Play,3.9807215E-4
2019-02-10,Google Play,3.974706E-4
2019-02-11,Google Play,3.967197E-4
2019-02-12,Google Play,3.9557365E-4
2019-02-13,Google Play,3.952341E-4
2019-02-14,Google Play,3.9588983E-4
2019-02-15,Google Play,3.9676085E-4
2019-02-16,Google Play,3.9735413E-4
2019-02-17,Google Play,3.9793158E-4
2019-02-18,Google Play,3.985012E-4
2019-02-19,Google Play,3.9875356E-4
2019-02-20,Google Play,3.9840458E-4
2019-02-21,Google Play,3.9850062E-4
2019-02-22,Google Play,3.9884218E-4
2019-02-23,Google Play,3.9901302E-4
2019-02-24,Google Play,3.9891814E-4
2019-02-25,Google Play,3.9983625E-4
2019-02-26,Google Play,4.006022E-4
2019-02-27,Google Play,4.0095852E-4
2019-02-28,Google Play,4.0115288E-4
2019-03-01,Google Play,4.0117017E-4
2019-03-02,Google Play,4.0132352E-4
2019-03-03,Google Play,4.013058E-4
2019-03-04,Google Play,4.0079103E-4
2019-03-05,Google Play,3.9998017E-4
2019-03-06,Google Play,3.994709E-4
2019-03-07,Google Play,3.9924437E-4
2019-03-08,Google Play,3.9926657E-4
2019-03-09,Google Play,3.9913462E-4
2019-03-10,Google Play,3.9904367E-4
2019-03-11,Google Play,3.987856E-4
2019-03-12,Google Play,3.984231E-4
2019-03-13,Google Play,3.9832154E-4
2019-03-14,Google Play,3.983384E-4
2019-03-15,Google Play,3.9845845E-4
2019-03-16,Google Play,3.981202E-4
2019-03-17,Google Play,3.978531E-4
2019-03-18,Google Play,3.973203E-4
2019-03-19,Google Play,3.9680573E-4
2019-03-20,Google Play,3.9631152E-4
2019-03-21,Google Play,3.955067E-4
2019-03-22,Google Play,3.949756E-4
2019-03-23,Google Play,3.9443205E-4
2019-03-24,Google Play,3.941228E-4
2019-03-25,Google Play,3.9334362E-4
2019-03-26,Google Play,3.921628E-4
2019-03-27,Google Play,3.9162888E-4
2019-03-28,Google Play,3.912768E-4
2019-03-29,Google Play,3.9095382E-4
2019-03-30,Google Play,3.9033618E-4
2019-03-31,Google Play,3.899726E-4
2019-04-01,Google Play,3.893812E-4
2019-04-02,Google Play,3.8809478E-4
2019-04-03,Google Play,3.868417E-4
2019-04-04,Google Play,3.85807E-4
2019-04-05,Google Play,3.8517328E-4
2019-04-06,Google Play,3.8491184E-4
2019-04-07,Google Play,3.8460694E-4
2019-04-08,Google Play,3.8300498E-4
2019-04-09,Google Play,3.8176987E-4
2019-04-10,Google Play,3.8103908E-4
2019-04-11,Google Play,3.802296E-4
2019-04-12,Google Play,3.8008444E-4
2019-04-13,Google Play,3.798977E-4
2019-04-14,Google Play,3.797299E-4
2019-04-15,Google Play,3.7920868E-4
2019-04-16,Google Play,3.7844852E-4
2019-04-17,Google Play,3.7821784E-4
2019-04-18,Google Play,3.781966E-4
2019-04-19,Google Play,3.778239E-4
2019-04-20,Google Play,3.7695662E-4
2019-04-21,Google Play,3.7628345E-4
2019-04-22,Google Play,3.755512E-4
2019-04-23,Google Play,3.7481362E-4
2019-04-24,Google Play,3.7515297E-4
2019-04-25,Google Play,3.757304E-4
2019-04-26,Google Play,3.7549713E-4
2019-04-27,Google Play,3.755329E-4
2019-04-28,Google Play,3.7479607E-4
2019-04-29,Google Play,3.7383064E-4
2019-04-30,Google Play,3.7304347E-4
2019-05-01,Google Play,3.7278645E-4
2019-05-02,Google Play,3.7238895E-4
2019-05-03,Google Play,3.717124E-4
2019-05-04,Google Play,3.7142227E-4
2019-05-05,Google Play,3.710321E-4
2019-05-06,Google Play,3.7061935E-4
2019-05-07,Google Play,3.7011877E-4
2019-05-08,Google Play,3.6998108E-4
2019-05-09,Google Play,3.699237E-4
2019-05-10,Google Play,3.6966504E-4
2019-05-11,Google Play,3.6908398E-4
2019-05-12,Google Play,3.6863532E-4
2019-05-13,Google Play,3.6791604E-4
2019-05-14,Google Play,3.6623023E-4
2019-05-15,Google Play,3.6484058E-4
2019-05-16,Google Play,3.640597E-4
2019-05-17,Google Play,3.6326647E-4
2019-05-18,Google Play,3.621325E-4
2019-05-19,Google Play,3.6151774E-4
2019-05-20,Google Play,3.611233E-4
2019-05-21,Google Play,3.6022803E-4
2019-05-22,Google Play,3.5952925E-4
2019-05-23,Google Play,3.5934272E-4
2019-05-24,Google Play,3.5954086E-4
2019-05-25,Google Play,3.5942506E-4
2019-05-26,Google Play,3.590758E-4
2019-05-27,Google Play,3.5889368E-4
2019-05-28,Google Play,3.5807796E-4
2019-05-29,Google Play,3.5635626E-4
2019-05-30,Google Play,3.5461513E-4
2019-05-31,Google Play,3.5315013E-4
2019-06-01,Google Play,3.522389E-4
2019-06-02,Google Play,3.5140215E-4
2019-06-03,Google Play,3.5036827E-4
2019-06-04,Google Play,3.4929576E-4
2019-06-05,Google Play,3.4899916E-4
2019-06-06,Google Play,3.48547E-4
2019-06-07,Google Play,3.480079E-4
2019-06-08,Google Play,3.478773E-4
2019-06-09,Google Play,3.4773914E-4
2019-06-10,Google Play,3.471001E-4
2019-06-11,Google Play,3.4617577E-4
2019-06-12,Google Play,3.451954E-4
2019-06-13,Google Play,3.442986E-4
2019-06-14,Google Play,3.4354557E-4
2019-06-15,Google Play,3.4328486E-4
2019-06-16,Google Play,3.427144E-4
2019-06-17,Google Play,3.416548E-4
2019-06-18,Google Play,3.4063426E-4
2019-06-19,Google Play,3.3936897E-4
2019-06-20,Google Play,3.3845552E-4
2019-06-21,Google Play,3.379842E-4
2019-06-22,Google Play,3.3733505E-4
2019-06-23,Google Play,3.3648062E-4
2019-06-24,Google Play,3.3567398E-4
2019-06-25,Google Play,3.344935E-4
2019-06-26,Google Play,3.3414966E-4
2019-06-27,Google Play,3.335247E-4
2019-06-28,Google Play,3.328588E-4
2019-06-29,Google Play,3.3381188E-4
2019-06-30,Google Play,3.345431E-4
2019-07-01,Google Play,3.3396875E-4
2019-07-02,Google Play,3.330683E-4
2019-07-03,Google Play,3.325524E-4
2019-07-04,Google Play,3.326531E-4
2019-07-05,Google Play,3.3244814E-4
2019-07-06,Google Play,3.3230285E-4
2019-07-07,Google Play,3.3243038E-4
2019-07-08,Google Play,3.3426413E-4
2019-07-09,Google Play,3.408048E-4
2019-07-10,Google Play,3.469742E-4
2019-07-11,Google Play,3.5618426E-4
2019-07-12,Google Play,3.6505496E-4
2019-07-13,Google Play,3.7146843E-4
2019-07-14,Google Play,3.8060447E-4
2019-07-15,Google Play,3.8537546E-4
2019-07-16,Google Play,3.8974767E-4
2019-07-17,Google Play,3.9946532E-4
2019-07-18,Google Play,4.1072583E-4
2019-07-19,Google Play,4.1678414E-4
2019-07-20,Google Play,4.2174116E-4
2019-07-21,Google Play,4.2557955E-4
2019-07-22,Google Play,4.2820084E-4
2019-07-23,Google Play,4.2955836E-4
2019-07-24,Google Play,4.2968986E-4
2019-07-25,Google Play,4.2943578E-4
2019-07-26,Google Play,4.2913898E-4
2019-07-27,Google Play,4.2893685E-4
2019-07-28,Google Play,4.2863417E-4
2019-07-29,Google Play,4.2809552E-4
2019-07-30,Google Play,4.2707796E-4
2019-07-31,Google Play,4.2629338E-4
2019-08-01,Google Play,4.260751E-4
2019-08-02,Google Play,4.2593252E-4
2019-08-03,Google Play,4.2586724E-4
2019-08-04,Google Play,4.258811E-4
2019-08-05,Google Play,4.2565956E-4
2019-08-06,Google Play,4.252233E-4
2019-08-07,Google Play,4.2578444E-4
2019-08-08,Google Play,4.251312E-4
2019-08-09,Google Play,4.247043E-4
2019-08-10,Google Play,4.2448682E-4
2019-08-11,Google Play,4.2386688E-4
2019-08-12,Google Play,4.2295424E-4
2019-08-13,Google Play,4.2178752E-4
2019-08-14,Google Play,4.2084375E-4
2019-08-15,Google Play,4.1975736E-4
2019-08-16,Google Play,4.1874903E-4
2019-08-17,Google Play,4.1785106E-4
2019-08-18,Google Play,4.1725443E-4
2019-08-19,Google Play,4.1638984E-4
2019-08-20,Google Play,4.1543698E-4
2019-08-21,Google Play,4.1464623E-4
2019-08-22,Google Play,4.1275113E-4
2019-08-23,Google Play,4.113329E-4
2019-08-24,Google Play,4.101665E-4
2019-08-25,Google Play,4.0916592E-4
2019-08-26,Google Play,4.0783948E-4
2019-08-27,Google Play,4.0645525E-4
2019-08-28,Google Play,4.0248674E-4
2019-08-29,Google Play,4.0191552E-4
2019-08-30,Google Play,4.050576E-4
2019-08-31,Google Play,4.040609E-4
2019-09-01,Google Play,4.0748052E-4
2019-09-02,Google Play,4.0645298E-4
2019-09-03,Google Play,4.04518E-4
2019-09-04,Google Play,4.033227E-4
2019-09-05,Google Play,4.0241744E-4
2019-09-06,Google Play,4.0147285E-4
2019-09-07,Google Play,4.0028305E-4
2019-09-08,Google Play,4.0144278E-4
2019-09-09,Google Play,4.077561E-4
2019-09-10,Google Play,4.0614573E-4
2019-09-11,Google Play,4.0537489E-4
2019-09-12,Google Play,4.0457404E-4
2019-09-13,Google Play,4.039777E-4
2019-09-14,Google Play,4.040835E-4
2019-09-15,Google Play,4.0640685E-4
2019-09-16,Google Play,4.0451981E-4
2019-09-17,Google Play,4.0842063E-4
2019-09-18,Google Play,4.0784152E-4
2019-09-19,Google Play,4.0769132E-4
2019-09-20,Google Play,4.0636107E-4
2019-09-21,Google Play,4.0551182E-4
2019-09-22,Google Play,4.057374E-4
2019-09-23,Google Play,4.064737E-4
2019-09-24,Google Play,4.0281483E-4
2019-09-25,Google Play,4.2533583E-4
2019-09-26,Google Play,4.2347415E-4
2019-09-27,Google Play,6.986051E-4
2019-09-28,Google Play,7.079684E-4
2019-09-29,Google Play,6.9816486E-4
2019-09-30,Google Play,7.0080394E-4
2019-10-01,Google Play,6.9995946E-4
2019-10-02,Google Play,6.9826335E-4
2019-10-03,Google Play,6.971094E-4
2019-10-04,Google Play,6.956002E-4
2019-10-05,Google Play,7.0348044E-4
2019-10-06,Google Play,7.0263376E-4
2019-10-07,Google Play,7.0048287E-4
2019-10-08,Google Play,7.0183474E-4
2019-10-09,Google Play,7.0092245E-4
2019-10-10,Google Play,6.992322E-4
2019-10-11,Google Play,6.9773337E-4
2019-10-12,Google Play,6.960293E-4
2019-10-13,Google Play,6.9477793E-4
2019-10-14,Google Play,6.9157116E-4
2019-10-15,Google Play,6.919146E-4
2019-10-16,Google Play,6.886705E-4
2019-10-17,Google Play,6.9085084E-4
2019-10-18,Google Play,6.898294E-4
2019-10-19,Google Play,6.886234E-4
2019-10-20,Google Play,6.857315E-4
2019-10-21,Google Play,6.8651536E-4
2019-10-22,Google Play,6.8459066E-4
2019-10-23,Google Play,6.8361784E-4
2019-10-24,Google Play,6.819983E-4
2019-10-25,Google Play,6.811539E-4
2019-10-26,Google Play,6.8026816E-4
2019-10-27,Google Play,6.8391045E-4
2019-10-28,Google Play,6.7767664E-4
2019-10-29,Google Play,6.8540906E-4
2019-10-30,Google Play,6.8391836E-4
2019-10-31,Google Play,6.8274036E-4
2019-11-01,Google Play,6.8162964E-4
2019-11-02,Google Play,6.9127686E-4
2019-11-03,Google Play,6.801119E-4
2019-11-04,Google Play,6.7937607E-4
2019-11-05,Google Play,6.775674E-4
2019-11-06,Google Play,6.9121557E-4
2019-11-07,Google Play,6.759034E-4
2019-11-08,Google Play,6.752124E-4
2019-11-09,Google Play,6.8713806E-4
2019-11-10,Google Play,6.7346805E-4
2019-11-11,Google Play,6.7244185E-4
2019-11-12,Google Play,6.77471E-4
2019-11-13,Google Play,6.752947E-4
2019-11-14,Google Play,6.7603553E-4
2019-11-15,Google Play,6.7397195E-4
2019-11-16,Google Play,6.734679E-4
2019-11-17,Google Play,6.7329383E-4
2019-11-18,Google Play,6.6685595E-4
2019-11-19,Google Play,7.0572E-4
2019-11-20,Google Play,7.135501E-4
2019-11-21,Google Play,7.126046E-4
2019-11-22,Google Play,7.121938E-4
2019-11-23,Google Play,7.104761E-4
2019-11-24,Google Play,7.101966E-4
2019-11-25,Google Play,7.103034E-4
2019-11-26,Google Play,7.088787E-4
2019-11-27,Google Play,7.079998E-4
2019-11-28,Google Play,7.0740544E-4
2019-11-29,Google Play,7.06747E-4
2019-11-30,Google Play,7.125215E-4
2019-12-01,Google Play,7.1483024E-4
2019-12-02,Google Play,7.192176E-4
2019-12-03,Google Play,7.194317E-4
2019-12-04,Google Play,7.200359E-4
2019-12-05,Google Play,7.199061E-4
2019-12-06,Google Play,7.19377E-4
2019-12-07,Google Play,7.1887264E-4
2019-12-08,Google Play,7.188293E-4
2019-12-09,Google Play,7.213226E-4
2019-12-10,Google Play,7.1966456E-4
2019-12-11,Google Play,7.1997236E-4
2019-12-12,Google Play,7.3663937E-4
2019-12-13,Google Play,9.7475224E-4
2019-12-14,Google Play,9.744103E-4
2019-12-15,Google Play,9.743361E-4
2019-12-16,Google Play,9.750314E-4
2019-12-17,Google Play,9.742764E-4
2019-12-18,Google Play,9.753913E-4
2019-12-19,Google Play,9.837686E-4
2019-12-20,Google Play,9.844366E-4
2019-12-21,Google Play,9.838305E-4
2019-12-22,Google Play,9.835719E-4
2019-12-23,Google Play,9.845861E-4
2019-12-24,Google Play,9.847948E-4
2019-12-25,Google Play,9.85088E-4
2019-12-26,Google Play,9.931693E-4
2019-12-27,Google Play,9.947463E-4
2019-12-28,Google Play,9.946123E-4
2019-12-29,Google Play,9.950672E-4
2019-12-30,Google Play,9.947072E-4
2019-12-31,Google Play,9.942345E-4
2020-01-01,Google Play,9.939984E-4
2020-01-02,Google Play,9.945398E-4
2020-01-03,Google Play,9.951356E-4
2020-01-04,Google Play,9.951447E-4
2020-01-05,Google Play,9.953458E-4
2020-01-06,Google Play,9.950874E-4
2020-01-07,Google Play,9.941502E-4
2020-01-08,Google Play,9.924722E-4
2020-01-09,Google Play,9.913769E-4
2020-01-10,Google Play,9.906607E-4
2020-01-11,Google Play,9.91441E-4
2020-01-12,Google Play,9.932632E-4
2020-01-13,Google Play,9.931916E-4
2020-01-14,Google Play,9.913112E-4
2020-01-15,Google Play,9.889781E-4
2020-01-16,Google Play,9.871953E-4
2020-01-17,Google Play,9.861634E-4
2020-01-18,Google Play,9.831131E-4
2020-01-19,Google Play,9.815219E-4
2020-01-20,Google Play,9.80393E-4
2020-01-21,Google Play,9.770887E-4
2020-01-22,Google Play,9.7313453E-4
2020-01-23,Google Play,9.720796E-4
2020-01-24,Google Play,9.7110576E-4
2020-01-25,Google Play,9.703921E-4
2020-01-26,Google Play,9.7035454E-4
2020-01-27,Google Play,9.6965E-4
2020-01-28,Google Play,9.6646755E-4
2020-01-29,Google Play,9.655017E-4
2020-01-30,Google Play,9.639804E-4
2020-01-31,Google Play,9.6293667E-4
2020-02-01,Google Play,9.603043E-4
2020-02-02,Google Play,9.592841E-4
2020-02-03,Google Play,9.5698034E-4
2020-02-04,Google Play,9.5174916E-4
2020-02-05,Google Play,9.491004E-4
2020-02-06,Google Play,9.466973E-4
2020-02-07,Google Play,9.457439E-4
2020-02-08,Google Play,9.4564515E-4
2020-02-09,Google Play,9.453444E-4
2020-02-10,Google Play,9.4402244E-4
2020-02-11,Google Play,9.4173057E-4
2020-02-12,Google Play,9.404959E-4
2020-02-13,Google Play,9.392585E-4
2020-02-14,Google Play,9.352739E-4
2020-02-15,Google Play,9.332469E-4
2020-02-16,Google Play,9.323648E-4
2020-02-17,Google Play,9.313145E-4
2020-02-18,Google Play,9.2748675E-4
2020-02-19,Google Play,9.2237897E-4
2020-02-20,Google Play,9.183257E-4
2020-02-21,Google Play,9.1343716E-4
2020-02-22,Google Play,9.10569E-4
2020-02-23,Google Play,9.094289E-4
2020-02-24,Google Play,9.0801547E-4
2020-02-25,Google Play,9.0506295E-4
2020-02-26,Google Play,9.0087275E-4
2020-02-27,Google Play,8.971932E-4
2020-02-28,Google Play,8.9639256E-4
2020-02-29,Google Play,8.9547463E-4
2020-03-01,Google Play,8.977544E-4
2020-03-02,Google Play,8.99849E-4
2020-03-03,Google Play,8.992407E-4
2020-03-04,Google Play,8.9675054E-4
2020-03-05,Google Play,8.9425925E-4
2020-03-06,Google Play,8.9277985E-4
2020-03-07,Google Play,8.913327E-4
2020-03-08,Google Play,8.9013355E-4
2020-03-09,Google Play,8.882962E-4
2020-03-10,Google Play,8.834649E-4
2020-03-11,Google Play,8.79631E-4
2020-03-12,Google Play,8.77665E-4
2020-03-13,Google Play,8.7452907E-4
2020-03-14,Google Play,8.7344344E-4
2020-03-15,Google Play,8.742464E-4
2020-03-16,Google Play,8.7429973E-4
2020-03-17,Google Play,8.74386E-4
2020-03-18,Google Play,8.7359315E-4
2020-03-19,Google Play,8.718041E-4
2020-03-20,Google Play,8.699663E-4
2020-03-21,Google Play,8.680204E-4
2020-03-22,Google Play,8.6867984E-4
2020-03-23,Google Play,8.685247E-4
2020-03-24,Google Play,8.671418E-4
2020-03-25,Google Play,8.661423E-4
2020-03-26,Google Play,8.648133E-4
2020-03-27,Google Play,8.642644E-4
2020-03-28,Google Play,8.6411764E-4
2020-03-29,Google Play,8.6392945E-4
2020-03-30,Google Play,8.6226396E-4
2020-03-31,Google Play,8.599316E-4
2020-04-01,Google Play,8.118369E-4
2020-04-02,Google Play,8.1000937E-4
2020-04-04,Google Play,8.2920614E-4
2020-04-05,Google Play,8.3003676E-4
2020-04-06,Google Play,8.30017E-4
2020-04-07,Google Play,8.284294E-4
2020-04-08,Google Play,8.277079E-4
2020-04-09,Google Play,8.2660874E-4
2020-04-10,Google Play,8.253422E-4
2020-04-11,Google Play,8.375334E-4
2020-04-12,Google Play,8.363091E-4
2020-04-13,Google Play,8.3502353E-4
2020-04-14,Google Play,8.5025927E-4
2020-04-15,Google Play,8.4880926E-4
2020-04-16,Google Play,8.4704056E-4
2020-04-17,Google Play,8.459002E-4
2020-04-18,Google Play,8.448021E-4
2020-04-19,Google Play,8.4173295E-4
2020-04-21,Google Play,8.6359045E-4
2020-04-22,Google Play,8.600489E-4
2020-04-24,Google Play,8.417126E-4
2020-04-25,Google Play,8.359265E-4
2020-04-26,Google Play,8.105972E-4
2020-04-27,Google Play,8.1480737E-4
2020-04-29,Google Play,8.387825E-4
2020-05-05,Google Play,8.2160067E-4
2020-05-06,Google Play,8.335276E-4
2020-05-07,Google Play,8.3299354E-4
2020-05-09,Google Play,8.538933E-4
2020-05-10,Google Play,8.588643E-4
2020-05-11,Google Play,8.573338E-4
2020-05-12,Google Play,8.5556385E-4
2020-05-23,Google Play,8.3387195E-4
2020-05-24,Google Play,8.3294685E-4
2020-05-25,Google Play,8.324241E-4
2020-05-26,Google Play,8.325495E-4
2020-05-28,Google Play,8.305474E-4
2020-05-29,Google Play,8.2911836E-4
2020-05-30,Google Play,8.276169E-4
2020-06-01,Google Play,8.373161E-4
2020-06-02,Google Play,8.3521724E-4
2020-06-05,Google Play,8.3520106E-4
2020-06-10,Google Play,8.398145E-4
2020-06-11,Google Play,8.3868986E-4
2020-06-12,Google Play,8.3535485E-4
2020-06-22,Google Play,8.438639E-4
2020-06-23,Google Play,8.46855E-4
2020-06-26,Google Play,8.48366E-4
2020-06-27,Google Play,8.495767E-4
2020-06-28,Google Play,8.491398E-4
2020-06-29,Google Play,8.425808E-4
2020-07-01,Google Play,8.4211427E-4
2020-07-02,Google Play,8.4301713E-4
2020-07-03,Google Play,8.4129843E-4
2020-07-04,Google Play,8.4132055E-4
2020-07-05,Google Play,8.413187E-4
2020-07-06,Google Play,8.421958E-4
2020-07-07,Google Play,8.4423367E-4
2020-07-08,Google Play,8.5716037E-4
2020-07-10,Google Play,8.839513E-4
2020-07-11,Google Play,8.9683576E-4
2020-07-12,Google Play,9.025486E-4
2020-07-18,Google Play,8.234841E-4
2020-07-19,Google Play,8.1347796E-4
2020-07-20,Google Play,8.060917E-4
2020-07-21,Google Play,7.951712E-4
2020-07-26,Google Play,7.7976874E-4
2020-07-27,Google Play,7.770013E-4
2020-07-28,Google Play,7.74312E-4
2020-07-29,Google Play,7.7336427E-4
2020-07-30,Google Play,7.7335635E-4
2020-08-03,Google Play,7.7446643E-4
2020-08-07,Google Play,7.789895E-4
2020-08-10,Google Play,7.893675E-4
2020-08-11,Google Play,7.864177E-4
2020-08-14,Google Play,7.7114475E-4
2020-08-15,Google Play,7.7418843E-4
2020-08-16,Google Play,7.74828E-4
2020-08-17,Google Play,7.734852E-4
2020-08-18,Google Play,7.7132025E-4
2020-08-21,Google Play,7.544275E-4
2020-08-22,Google Play,7.4556476E-4
2020-08-23,Google Play,7.4292213E-4
2020-08-31,Google Play,7.3899736E-4
2020-09-01,Google Play,7.344718E-4
2020-09-02,Google Play,7.29802E-4
2020-09-03,Google Play,7.2551565E-4
2020-09-04,Google Play,7.2128925E-4
2020-09-05,Google Play,7.181005E-4
2020-09-07,Google Play,7.2625966E-4
2020-09-09,Google Play,7.08341E-4
2020-09-10,Google Play,7.0383935E-4
2020-09-12,Google Play,6.986152E-4
2020-09-17,Google Play,7.0057233E-4
2020-09-18,Google Play,6.9575966E-4
2020-09-19,Google Play,6.877784E-4
2020-09-20,Google Play,6.729472E-4
2020-09-21,Google Play,6.6605106E-4
2020-09-22,Google Play,6.644217E-4
2020-09-23,Google Play,6.592583E-4
2020-09-24,Google Play,6.500819E-4
2020-09-27,Google Play,6.372982E-4
2020-09-28,Google Play,6.5115775E-4
2020-09-30,Google Play,6.3831656E-4
2020-10-03,Google Play,6.3581596E-4
2020-10-04,Google Play,6.328849E-4
2020-10-05,Google Play,6.279679E-4
2020-10-06,Google Play,6.283697E-4
2020-10-07,Google Play,6.2921125E-4
2020-10-08,Google Play,6.275763E-4
2020-10-09,Google Play,6.264641E-4
2020-10-10,Google Play,6.257974E-4
2020-10-11,Google Play,6.2551926E-4
2020-10-12,Google Play,6.264176E-4
2020-10-13,Google Play,6.2568666E-4
2020-10-14,Google Play,6.2464084E-4
2020-10-15,Google Play,6.2340446E-4
2020-10-16,Google Play,6.2203396E-4
2020-10-17,Google Play,6.2108913E-4
2020-10-19,Google Play,6.2493916E-4
2020-10-20,Google Play,6.2514836E-4
2020-10-22,Google Play,6.224838E-4
2020-10-23,Google Play,6.2635785E-4
2020-10-24,Google Play,6.299497E-4
2020-10-25,Google Play,6.2870485E-4
2020-10-28,Google Play,6.2962784E-4
2020-10-29,Google Play,6.279199E-4
2020-12-18,Google Play,6.4198906E-4
2020-12-19,Google Play,6.4165855E-4
2020-12-20,Google Play,6.412067E-4
2020-12-21,Google Play,6.407575E-4
2020-12-22,Google Play,6.402824E-4
2020-12-23,Google Play,6.3967385E-4
2020-12-24,Google Play,6.3947676E-4
2020-12-25,Google Play,6.400285E-4
2020-12-26,Google Play,6.405286E-4
2020-12-27,Google Play,6.407071E-4
2020-12-28,Google Play,6.409025E-4
2020-12-29,Google Play,6.41356E-4
2020-12-30,Google Play,6.414196E-4
2020-12-31,Google Play,6.412071E-4
2021-01-01,Google Play,6.958464E-4
2021-01-02,Google Play,6.930223E-4
2021-01-03,Google Play,6.908419E-4
2021-01-04,Google Play,6.892281E-4
2021-01-05,Google Play,6.8783085E-4
2021-01-06,Google Play,6.8622147E-4
2021-01-07,Google Play,6.845102E-4
2021-01-08,Google Play,6.826741E-4
2021-01-09,Google Play,6.8091945E-4
2021-01-10,Google Play,6.786318E-4
2021-01-11,Google Play,6.754206E-4
2021-01-12,Google Play,6.7219033E-4
2021-01-13,Google Play,6.6981977E-4
2021-01-14,Google Play,6.6731113E-4
2021-01-15,Google Play,6.650848E-4
2021-01-16,Google Play,6.631506E-4
2021-01-17,Google Play,6.6128507E-4
2021-01-18,Google Play,6.593389E-4
2021-01-19,Google Play,6.5742765E-4
2021-01-20,Google Play,6.5473706E-4
2021-01-21,Google Play,6.522402E-4
2021-01-22,Google Play,6.4882205E-4
2021-01-23,Google Play,6.4590364E-4
2021-01-24,Google Play,6.435097E-4
2021-01-25,Google Play,6.408362E-4
2021-01-26,Google Play,6.3931954E-4
2021-01-27,Google Play,6.368496E-4
2021-01-28,Google Play,6.3575944E-4
2021-01-29,Google Play,6.374208E-4
2021-01-30,Google Play,6.3663436E-4
2021-01-31,Google Play,6.350478E-4
2021-02-01,Google Play,6.3282554E-4
2021-02-02,Google Play,6.3144614E-4
2021-02-03,Google Play,6.3018076E-4
2021-02-04,Google Play,6.278779E-4
2021-02-05,Google Play,6.514011E-4
2021-02-06,Google Play,6.645203E-4
2021-02-07,Google Play,6.69754E-4
2021-02-08,Google Play,6.724078E-4
2021-02-09,Google Play,6.7373127E-4
2021-02-10,Google Play,6.7426014E-4
2021-02-11,Google Play,6.715578E-4
2021-02-12,Google Play,6.6859816E-4
2021-02-13,Google Play,6.6730595E-4
2021-02-14,Google Play,6.6710677E-4
2021-02-15,Google Play,6.665083E-4
2021-02-16,Google Play,6.650118E-4
2021-02-17,Google Play,6.6295074E-4
2021-02-18,Google Play,6.616913E-4
2021-02-19,Google Play,6.606665E-4
2021-02-20,Google Play,6.5988186E-4
2021-02-21,Google Play,6.6511944E-4
2021-02-22,Google Play,6.8860885E-4
2021-02-23,Google Play,6.893548E-4
2021-02-24,Google Play,6.877507E-4
2021-02-25,Google Play,6.9003046E-4
2021-02-26,Google Play,7.008675E-4
2021-02-27,Google Play,6.9801504E-4
2021-02-28,Google Play,6.960871E-4
2021-03-01,Google Play,7.0089445E-4
2021-03-02,Google Play,7.1802863E-4
2021-03-03,Google Play,7.181017E-4
2021-03-04,Google Play,7.2782184E-4
2021-03-05,Google Play,7.316785E-4
2021-03-06,Google Play,7.3587586E-4
2021-03-07,Google Play,7.3596835E-4
2021-03-08,Google Play,7.429546E-4
2021-03-09,Google Play,7.4583956E-4
2021-03-10,Google Play,7.4769417E-4
2021-03-11,Google Play,7.493101E-4
2021-03-12,Google Play,7.5865217E-4
2021-03-13,Google Play,7.582086E-4
2021-03-14,Google Play,7.5734884E-4
2021-03-15,Google Play,7.5858063E-4
2021-03-16,Google Play,7.615452E-4
2021-03-17,Google Play,7.6619536E-4
2021-03-18,Google Play,7.6367165E-4
2021-03-19,Google Play,7.649596E-4
2021-03-20,Google Play,7.6293084E-4
2021-03-21,Google Play,7.6241733E-4
2021-03-22,Google Play,7.6338777E-4
2021-03-23,Google Play,7.603829E-4
2021-03-24,Google Play,7.600388E-4
2021-03-25,Google Play,7.5885176E-4
2021-03-26,Google Play,7.581647E-4
2021-03-27,Google Play,7.563493E-4
2021-03-28,Google Play,7.5486884E-4
2021-03-29,Google Play,7.531694E-4
2021-03-30,Google Play,7.513182E-4
2021-03-31,Google Play,7.498849E-4
2021-04-01,Google Play,7.496657E-4
2021-04-02,Google Play,7.466027E-4
2021-04-03,Google Play,7.3752424E-4
2021-04-04,Google Play,7.301793E-4
2021-04-05,Google Play,7.260681E-4
2021-04-06,Google Play,7.206691E-4
2021-04-07,Google Play,7.153224E-4
2021-04-08,Google Play,7.129859E-4
2021-04-09,Google Play,7.113207E-4
2021-04-10,Google Play,7.082903E-4
2021-04-11,Google Play,7.065974E-4
2021-04-12,Google Play,7.310237E-4
2021-04-13,Google Play,7.287476E-4
2021-04-14,Google Play,7.280516E-4
2021-04-15,Google Play,7.255665E-4
2021-04-16,Google Play,7.23955E-4
2021-04-17,Google Play,7.2219735E-4
2021-04-18,Google Play,7.2115957E-4
2021-04-19,Google Play,7.193414E-4
2021-04-20,Google Play,7.1784883E-4
2021-04-21,Google Play,7.1706186E-4
2021-04-22,Google Play,7.153183E-4
2021-04-23,Google Play,7.170649E-4
2021-04-24,Google Play,7.2102685E-4
2021-04-25,Google Play,7.196187E-4
2021-04-26,Google Play,7.184832E-4
2021-04-27,Google Play,7.188136E-4
2021-04-28,Google Play,7.175882E-4
2021-04-29,Google Play,7.1478065E-4
2021-04-30,Google Play,7.131179E-4
2021-05-01,Google Play,7.131735E-4
2021-05-02,Google Play,7.1223977E-4
2021-05-03,Google Play,7.1124564E-4
2021-05-04,Google Play,7.0933613E-4
2021-05-05,Google Play,7.0668623E-4
2021-05-06,Google Play,7.034041E-4
2021-05-07,Google Play,7.001351E-4
2021-05-08,Google Play,6.978752E-4
2021-05-09,Google Play,6.9624133E-4
2021-05-10,Google Play,6.9527706E-4
2021-05-11,Google Play,6.943918E-4
2021-05-12,Google Play,6.916981E-4
2021-05-13,Google Play,6.8870233E-4
2021-05-14,Google Play,6.8761E-4
2021-05-15,Google Play,6.8611174E-4
2021-05-16,Google Play,6.844865E-4
2021-05-17,Google Play,6.82634E-4
2021-05-18,Google Play,6.832009E-4
2021-05-19,Google Play,6.821006E-4
2021-05-20,Google Play,6.798708E-4
2021-05-21,Google Play,6.7817286E-4
2021-05-22,Google Play,6.7644747E-4
2021-05-23,Google Play,6.750685E-4
2021-05-24,Google Play,6.734517E-4
2021-05-25,Google Play,6.769487E-4
2021-05-26,Google Play,6.7658565E-4
2021-05-27,Google Play,6.761882E-4
2021-05-28,Google Play,6.7553733E-4
2021-05-29,Google Play,6.748053E-4
2021-05-30,Google Play,6.739619E-4
2021-05-31,Google Play,6.773284E-4
2021-06-01,Google Play,6.758361E-4
2021-06-02,Google Play,6.7398406E-4
2021-06-03,Google Play,6.792172E-4
2021-06-04,Google Play,6.798097E-4
2021-06-05,Google Play,6.800698E-4
2021-06-06,Google Play,6.858567E-4
2021-06-07,Google Play,6.863733E-4
2021-06-08,Google Play,6.8601244E-4
2021-06-09,Google Play,6.8445853E-4
2021-06-10,Google Play,6.838691E-4
2021-06-11,Google Play,6.827131E-4
2021-06-12,Google Play,6.808285E-4
2021-06-13,Google Play,6.798443E-4
2021-06-14,Google Play,6.819561E-4
2021-06-15,Google Play,7.1282074E-4
2021-06-16,Google Play,7.1247865E-4
2021-06-17,Google Play,7.112145E-4
2021-06-18,Google Play,7.1088184E-4
2021-06-19,Google Play,7.091832E-4
2021-06-20,Google Play,7.081321E-4
2021-06-21,Google Play,7.072133E-4
2021-06-22,Google Play,7.0542155E-4
2021-06-23,Google Play,7.091693E-4
2021-06-24,Google Play,7.0776866E-4
2021-06-25,Google Play,7.0840324E-4
2021-06-26,Google Play,7.0780143E-4
2021-06-27,Google Play,7.0743123E-4
2021-06-28,Google Play,7.0688146E-4
2021-06-29,Google Play,7.0608937E-4
2021-06-30,Google Play,7.6879037E-4
2021-07-01,Google Play,7.658791E-4
2021-07-02,Google Play,7.621388E-4
2021-07-03,Google Play,7.5616804E-4
2021-07-04,Google Play,7.527229E-4
2021-07-05,Google Play,7.512634E-4
2021-07-06,Google Play,7.4821373E-4
2021-07-07,Google Play,7.4461254E-4
2021-07-08,Google Play,7.434776E-4
2021-07-09,Google Play,7.4087654E-4
2021-07-10,Google Play,7.3882804E-4
2021-07-11,Google Play,7.373212E-4
2021-07-12,Google Play,7.358062E-4
2021-07-13,Google Play,7.3384744E-4
2021-07-14,Google Play,7.321051E-4
2021-07-15,Google Play,7.293757E-4
2021-07-16,Google Play,7.255872E-4
2021-07-17,Google Play,7.1987184E-4
2021-07-18,Google Play,7.1674853E-4
2021-07-19,Google Play,7.1435206E-4
2021-07-20,Google Play,7.1096094E-4
2021-07-21,Google Play,7.1288383E-4
2021-07-22,Google Play,7.0876424E-4
2021-07-23,Google Play,7.052934E-4
2021-07-24,Google Play,7.0203666E-4
2021-07-25,Google Play,6.994166E-4
2021-07-26,Google Play,6.968762E-4
2021-07-27,Google Play,6.9484534E-4
2021-07-28,Google Play,6.929253E-4
2021-07-29,Google Play,6.9087057E-4
2021-07-30,Google Play,6.893565E-4
2021-07-31,Google Play,6.882145E-4
2021-08-01,Google Play,6.873043E-4
2021-08-02,Google Play,6.861426E-4
2021-08-03,Google Play,6.8397186E-4
2021-08-04,Google Play,6.8290514E-4
2021-08-05,Google Play,6.811574E-4
2021-08-06,Google Play,6.797807E-4
2021-08-07,Google Play,6.782178E-4
2021-08-08,Google Play,6.7688554E-4
2021-08-09,Google Play,6.758918E-4
2021-08-10,Google Play,6.7352445E-4
2021-08-11,Google Play,6.7203265E-4
2021-08-12,Google Play,6.696105E-4
2021-08-13,Google Play,6.753505E-4
2021-08-14,Google Play,6.732687E-4
2021-08-15,Google Play,6.713048E-4
2021-08-16,Google Play,6.6947046E-4
2021-08-17,Google Play,6.679353E-4
2021-08-18,Google Play,6.656259E-4
2021-08-19,Google Play,6.6294754E-4
2021-08-20,Google Play,6.60303E-4
2021-08-21,Google Play,6.585251E-4
2021-08-22,Google Play,6.570891E-4
2021-08-23,Google Play,6.5522606E-4
2021-08-24,Google Play,6.5343693E-4
2021-08-25,Google Play,6.51567E-4
2021-08-26,Google Play,6.50157E-4
2021-08-27,Google Play,6.4626633E-4
2021-08-28,Google Play,6.4194057E-4
2021-08-29,Google Play,6.3961366E-4
2021-08-30,Google Play,6.3699734E-4
2021-08-31,Google Play,6.362301E-4
2021-09-01,Google Play,6.304513E-4
2021-09-02,Google Play,6.2427815E-4
2021-09-03,Google Play,6.2409864E-4
2021-09-04,Google Play,6.214519E-4
2021-09-05,Google Play,6.194322E-4
2021-09-06,Google Play,6.184496E-4
2021-09-07,Google Play,6.180168E-4
2021-09-08,Google Play,6.166069E-4
2021-09-09,Google Play,6.207235E-4
2021-09-10,Google Play,6.1716343E-4
2021-09-11,Google Play,6.115901E-4
2021-09-12,Google Play,6.083813E-4
2021-09-13,Google Play,6.051526E-4
2021-09-14,Google Play,6.0185854E-4
2021-09-15,Google Play,6.0135545E-4
2021-09-16,Google Play,5.982943E-4
2021-09-17,Google Play,5.9608626E-4
2021-09-18,Google Play,5.937141E-4
2021-09-19,Google Play,5.923692E-4
2021-09-20,Google Play,5.9111515E-4
2021-09-21,Google Play,5.8903283E-4
2021-09-22,Google Play,5.872198E-4
2021-09-23,Google Play,5.847246E-4
2021-09-24,Google Play,5.823754E-4
2021-09-25,Google Play,5.80751E-4
2021-09-26,Google Play,5.792933E-4
2021-09-27,Google Play,5.7721545E-4
2021-09-28,Google Play,5.749707E-4
2021-09-29,Google Play,5.734991E-4
2021-09-30,Google Play,5.711495E-4
2021-10-01,Google Play,5.669735E-4
2021-10-02,Google Play,5.6508876E-4
2021-10-03,Google Play,5.631581E-4
2021-10-04,Google Play,5.616311E-4
2021-10-05,Google Play,5.5960944E-4
2021-10-06,Google Play,5.572193E-4
2021-10-07,Google Play,5.5528776E-4
2021-10-08,Google Play,5.526964E-4
2021-10-09,Google Play,5.5105414E-4
2021-10-10,Google Play,5.502889E-4
2021-10-11,Google Play,5.4912525E-4
2021-10-12,Google Play,5.474793E-4
2021-10-13,Google Play,5.4596853E-4
2021-10-14,Google Play,5.435314E-4
2021-10-15,Google Play,5.4159376E-4
2021-10-16,Google Play,5.411532E-4
2021-10-17,Google Play,5.404259E-4
2021-10-18,Google Play,5.3987064E-4
2021-10-19,Google Play,5.381293E-4
2021-10-20,Google Play,5.374895E-4
2021-10-21,Google Play,5.3664745E-4
2021-10-22,Google Play,5.3749426E-4
2021-10-23,Google Play,5.354731E-4
2021-10-24,Google Play,5.330761E-4
2021-10-25,Google Play,5.30437E-4
2021-10-26,Google Play,5.286995E-4
2021-10-27,Google Play,5.2967056E-4
2021-10-28,Google Play,5.299594E-4
2021-10-29,Google Play,5.2778336E-4
2021-10-30,Google Play,5.244661E-4
2021-10-31,Google Play,5.2072E-4
2021-11-01,Google Play,5.15773E-4
2021-11-02,Google Play,5.1010377E-4
2021-11-03,Google Play,5.050392E-4
2021-11-04,Google Play,5.0040963E-4
2021-11-05,Google Play,4.9644394E-4
2021-11-06,Google Play,4.925088E-4
2021-11-07,Google Play,4.944276E-4
2021-11-08,Google Play,4.9675803E-4
2021-11-09,Google Play,4.947308E-4
2021-11-10,Google Play,5.026904E-4
2021-11-11,Google Play,5.032554E-4
2021-11-12,Google Play,5.237816E-4
2021-11-13,Google Play,5.2852737E-4
2021-11-14,Google Play,5.285604E-4
2021-11-15,Google Play,5.287639E-4
2021-11-16,Google Play,5.3033803E-4
2021-11-17,Google Play,5.3276477E-4
2021-11-18,Google Play,5.382803E-4
2021-11-19,Google Play,5.394662E-4
2021-11-20,Google Play,5.391526E-4
2021-11-21,Google Play,5.3879607E-4
2021-11-22,Google Play,5.432734E-4
2021-11-23,Google Play,5.467105E-4
2021-11-24,Google Play,5.449333E-4
2021-11-25,Google Play,5.4775405E-4
2021-11-26,Google Play,5.461247E-4
2021-11-27,Google Play,5.517429E-4
2021-11-28,Google Play,5.506438E-4
2021-11-29,Google Play,5.4895604E-4
2021-11-30,Google Play,5.4718385E-4
2021-12-01,Google Play,5.4597866E-4
2021-12-02,Google Play,5.4598413E-4
2021-12-03,Google Play,5.4366735E-4
2021-12-04,Google Play,5.420577E-4
2021-12-05,Google Play,5.4050813E-4
2021-12-06,Google Play,5.408064E-4
2021-12-07,Google Play,5.385548E-4
2021-12-08,Google Play,5.389378E-4
2021-12-09,Google Play,5.3846545E-4
2021-12-10,Google Play,5.3640496E-4
2021-12-11,Google Play,5.3549214E-4
2021-12-12,Google Play,5.340169E-4
2021-12-13,Google Play,5.320234E-4
2021-12-14,Google Play,5.323793E-4
2021-12-15,Google Play,5.308954E-4
2021-12-16,Google Play,5.29473E-4
2021-12-17,Google Play,5.28192E-4
2021-12-18,Google Play,5.26534E-4
2021-12-19,Google Play,5.2504375E-4
2021-12-20,Google Play,5.3152704E-4
2021-12-21,Google Play,5.2921067E-4
2021-12-22,Google Play,5.276953E-4
2021-12-23,Google Play,5.271634E-4
2021-12-24,Google Play,5.2647304E-4
2021-12-25,Google Play,5.255761E-4
2021-12-26,Google Play,5.2588695E-4
2021-12-27,Google Play,5.251123E-4
2021-12-28,Google Play,5.245767E-4
2021-12-29,Google Play,5.2326854E-4
2021-12-30,Google Play,5.240243E-4
2021-12-31,Google Play,5.2199204E-4
2022-01-01,Google Play,5.0792494E-4
2022-01-02,Google Play,5.0581276E-4
2022-01-03,Google Play,5.041018E-4
2022-01-04,Google Play,5.021894E-4
2022-01-05,Google Play,5.00047E-4
2022-01-06,Google Play,4.9987074E-4
2022-01-07,Google Play,4.982652E-4
2022-01-08,Google Play,4.9699564E-4
2022-01-09,Google Play,4.9680664E-4
2022-01-10,Google Play,4.957534E-4
2022-01-11,Google Play,4.9355347E-4
2022-01-12,Google Play,4.920302E-4
2022-01-13,Google Play,4.89641E-4
2022-01-14,Google Play,4.8829545E-4
2022-01-15,Google Play,4.876911E-4
2022-01-16,Google Play,4.8625725E-4
2022-01-17,Google Play,4.8496787E-4
2022-01-18,Google Play,4.8441123E-4
2022-01-19,Google Play,4.889465E-4
2022-01-20,Google Play,4.8765834E-4
2022-01-21,Google Play,4.8620853E-4
2022-01-22,Google Play,4.986709E-4
2022-01-23,Google Play,4.977482E-4
2022-01-24,Google Play,4.965039E-4
2022-01-25,Google Play,4.9933395E-4
2022-01-26,Google Play,4.983024E-4
2022-01-27,Google Play,5.020147E-4
2022-01-28,Google Play,5.003736E-4
2022-01-29,Google Play,5.060236E-4
2022-01-30,Google Play,5.0629996E-4
2022-01-31,Google Play,5.051982E-4
2022-02-01,Google Play,5.070698E-4
2022-02-02,Google Play,5.2179483E-4
2022-02-03,Google Play,5.2310544E-4
2022-02-04,Google Play,5.2534253E-4
2022-02-05,Google Play,5.112284E-4
2022-02-06,Google Play,4.9994653E-4
2022-02-07,Google Play,4.9363077E-4
2022-02-08,Google Play,4.892598E-4
2022-02-09,Google Play,4.842084E-4
2022-02-10,Google Play,4.7948112E-4
2022-02-11,Google Play,4.7693192E-4
2022-02-12,Google Play,4.749308E-4
2022-02-13,Google Play,4.7308902E-4
2022-02-14,Google Play,4.7121083E-4
2022-02-15,Google Play,4.6816736E-4
2022-02-16,Google Play,4.6674785E-4
2022-02-17,Google Play,4.6510814E-4
2022-02-18,Google Play,4.6350283E-4
2022-02-19,Google Play,4.6172403E-4
2022-02-20,Google Play,4.6719E-4
2022-02-21,Google Play,4.6537688E-4
2022-02-22,Google Play,4.630919E-4
2022-02-23,Google Play,4.678403E-4
2022-02-24,Google Play,4.6543704E-4
2022-02-25,Google Play,4.6303263E-4
2022-02-26,Google Play,4.6855706E-4
2022-02-27,Google Play,4.670439E-4
2022-02-28,Google Play,4.6549572E-4
2022-03-01,Google Play,4.621145E-4
2022-03-02,Google Play,4.60468E-4
2022-03-03,Google Play,4.6417274E-4
2022-03-04,Google Play,4.6359337E-4
2022-03-05,Google Play,4.6335047E-4
2022-03-06,Google Play,4.6294509E-4
2022-03-07,Google Play,4.6627424E-4
2022-03-08,Google Play,4.670161E-4
2022-03-09,Google Play,4.6978233E-4
2022-03-10,Google Play,4.6960323E-4
2022-03-11,Google Play,4.6881314E-4
2022-03-12,Google Play,4.677066E-4
2022-03-13,Google Play,4.6643606E-4
2022-03-14,Google Play,4.6566018E-4
2022-03-15,Google Play,4.6496358E-4
2022-03-16,Google Play,4.6865546E-4
2022-03-17,Google Play,4.6668644E-4
2022-03-18,Google Play,4.6578445E-4
2022-03-19,Google Play,4.649099E-4
2022-03-20,Google Play,4.7013102E-4
2022-03-21,Google Play,4.7451977E-4
2022-03-22,Google Play,4.7529096E-4
2022-03-23,Google Play,4.7809913E-4
2022-03-24,Google Play,4.81957E-4
2022-03-25,Google Play,5.0788687E-4
2022-03-26,Google Play,5.0889846E-4
2022-03-27,Google Play,5.1077415E-4
2022-03-28,Google Play,5.1336724E-4
2022-03-29,Google Play,5.1107566E-4
2022-03-30,Google Play,5.1197066E-4
2022-03-31,Google Play,5.1042525E-4
2022-04-01,Google Play,4.8881036E-4
2022-04-02,Google Play,4.901897E-4
2022-04-03,Google Play,4.886203E-4
2022-04-04,Google Play,4.9171987E-4
2022-04-05,Google Play,4.8990734E-4
2022-04-06,Google Play,4.9171055E-4
2022-04-07,Google Play,4.900876E-4
2022-04-08,Google Play,4.948461E-4
2022-04-09,Google Play,4.939583E-4
2022-04-10,Google Play,4.9457944E-4
2022-04-11,Google Play,4.930137E-4
2022-04-12,Google Play,4.936012E-4
2022-04-13,Google Play,4.924497E-4
2022-04-14,Google Play,4.9188983E-4
2022-04-15,Google Play,4.9184996E-4
2022-04-16,Google Play,4.942155E-4
2022-04-17,Google Play,4.9331656E-4
2022-04-18,Google Play,4.936351E-4
2022-04-19,Google Play,5.102122E-4
2022-04-20,Google Play,5.125019E-4
2022-04-21,Google Play,5.1123014E-4
2022-04-22,Google Play,5.101465E-4
2022-04-23,Google Play,5.0936505E-4
2022-04-24,Google Play,5.1033136E-4
2022-04-25,Google Play,5.0926796E-4
2022-04-26,Google Play,5.1122555E-4
2022-04-27,Google Play,5.123969E-4
2022-04-28,Google Play,5.146708E-4
2022-04-29,Google Play,5.1467534E-4
2022-04-30,Google Play,5.1940035E-4
2022-05-01,Google Play,5.185704E-4
2022-05-02,Google Play,5.182361E-4
2022-05-03,Google Play,5.195756E-4
2022-05-04,Google Play,5.1982375E-4
2022-05-05,Google Play,5.209823E-4
2022-05-06,Google Play,5.19443E-4
2022-05-07,Google Play,5.1842857E-4
2022-05-08,Google Play,5.1696016E-4
2022-05-09,Google Play,5.156719E-4
2022-05-10,Google Play,5.168955E-4
2022-05-11,Google Play,5.1593466E-4
2022-05-12,Google Play,5.151476E-4
2022-05-13,Google Play,5.133728E-4
2022-05-14,Google Play,5.1144167E-4
2022-05-15,Google Play,5.1000476E-4
2022-05-16,Google Play,5.0965906E-4
2022-05-17,Google Play,5.091702E-4
2022-05-18,Google Play,5.0893123E-4
2022-05-19,Google Play,5.086413E-4
2022-05-20,Google Play,5.145802E-4
2022-05-21,Google Play,5.138316E-4
2022-05-22,Google Play,5.129883E-4
2022-05-23,Google Play,5.125753E-4
2022-05-24,Google Play,5.133246E-4
2022-05-25,Google Play,5.1335554E-4
2022-05-26,Google Play,5.149304E-4
2022-05-27,Google Play,5.1364367E-4
2022-05-28,Google Play,5.133393E-4
2022-05-29,Google Play,5.118319E-4
2022-05-30,Google Play,5.295876E-4
2022-05-31,Google Play,5.306223E-4
2022-06-01,Google Play,5.320875E-4
2022-06-02,Google Play,5.320104E-4
2022-06-03,Google Play,5.3134275E-4
2022-06-04,Google Play,5.302483E-4
2022-06-05,Google Play,5.291371E-4
2022-06-06,Google Play,5.281221E-4
2022-06-07,Google Play,5.257321E-4
2022-06-08,Google Play,5.1941077E-4
2022-06-09,Google Play,5.1463046E-4
2022-06-10,Google Play,5.10901E-4
2022-06-11,Google Play,5.072612E-4
2022-06-12,Google Play,5.044681E-4
2022-06-13,Google Play,5.020596E-4
2022-06-14,Google Play,4.9880514E-4
2022-06-15,Google Play,4.967539E-4
2022-06-16,Google Play,4.944995E-4
2022-06-17,Google Play,4.927045E-4
2022-06-18,Google Play,4.913277E-4
2022-06-19,Google Play,4.9013516E-4
2022-06-20,Google Play,4.886547E-4
2022-06-21,Google Play,4.894757E-4
2022-06-22,Google Play,4.9230794E-4
2022-06-23,Google Play,4.9169123E-4
2022-06-24,Google Play,4.912932E-4
2022-06-25,Google Play,4.904898E-4
2022-06-26,Google Play,4.9085275E-4
2022-06-27,Google Play,4.8968795E-4
2022-06-28,Google Play,4.906785E-4
2022-06-29,Google Play,4.955338E-4
2022-06-30,Google Play,4.960432E-4
2022-07-01,Google Play,3.3722733E-4
2022-07-02,Google Play,3.3767027E-4
2022-07-03,Google Play,3.3963396E-4
2022-07-04,Google Play,3.3859548E-4
2022-07-05,Google Play,3.3749462E-4
2022-07-06,Google Play,3.3681086E-4
2022-07-07,Google Play,3.3672727E-4
2022-07-08,Google Play,3.375765E-4
2022-07-09,Google Play,3.3704567E-4
2022-07-10,Google Play,3.3660722E-4
2022-07-11,Google Play,3.3580145E-4
2022-07-12,Google Play,3.346346E-4
2022-07-13,Google Play,3.3424387E-4
2022-07-14,Google Play,3.3851375E-4
2022-07-15,Google Play,3.423961E-4
2022-07-16,Google Play,3.4192958E-4
2022-07-17,Google Play,3.421205E-4
2022-07-18,Google Play,3.4359415E-4
2022-07-19,Google Play,3.4562277E-4
2022-07-20,Google Play,3.4767654E-4
2022-07-21,Google Play,3.5024414E-4
2022-07-22,Google Play,3.495224E-4
2022-07-23,Google Play,3.504677E-4
2022-07-24,Google Play,3.499259E-4
2022-07-25,Google Play,3.5103603E-4
2022-07-26,Google Play,3.4965234E-4
2022-07-27,Google Play,3.487753E-4
2022-07-28,Google Play,3.4707156E-4
2022-07-29,Google Play,3.457048E-4
2022-07-30,Google Play,3.4697037E-4
2022-07-31,Google Play,3.4589728E-4
2022-08-01,Google Play,3.4578246E-4
2022-08-02,Google Play,3.47618E-4
2022-08-03,Google Play,3.4898237E-4
2022-08-04,Google Play,3.498866E-4
2022-08-05,Google Play,3.4948648E-4
2022-08-06,Google Play,3.4838042E-4
2022-08-07,Google Play,3.4736068E-4
2022-08-08,Google Play,3.467653E-4
2022-08-09,Google Play,3.458741E-4
2022-08-10,Google Play,3.5813267E-4
2022-08-11,Google Play,3.5750182E-4
2022-08-12,Google Play,3.554508E-4
2022-08-13,Google Play,3.6054113E-4
2022-08-14,Google Play,3.6069626E-4
2022-08-15,Google Play,3.673276E-4
2022-08-16,Google Play,3.6762864E-4
2022-08-17,Google Play,3.6980506E-4
2022-08-18,Google Play,3.874356E-4
2022-08-19,Google Play,3.9977307E-4
2022-08-20,Google Play,4.0656433E-4
2022-08-21,Google Play,4.076879E-4
2022-08-22,Google Play,4.2436842E-4
2022-08-23,Google Play,4.474164E-4
2022-08-24,Google Play,4.574684E-4
2022-08-25,Google Play,4.5852258E-4
2022-08-26,Google Play,4.6836925E-4
2022-08-27,Google Play,4.919639E-4
2022-08-28,Google Play,5.048472E-4
2022-08-29,Google Play,5.505888E-4
2022-08-30,Google Play,8.0893043E-4
2022-08-31,Google Play,8.1264967E-4
2022-09-01,Google Play,8.107247E-4
2022-09-02,Google Play,8.417107E-4
2022-09-03,Google Play,8.650675E-4
2022-09-04,Google Play,8.937714E-4
2022-09-05,Google Play,9.0782624E-4
2022-09-06,Google Play,9.247822E-4
2022-09-07,Google Play,9.5413014E-4
2022-09-08,Google Play,9.662771E-4
2022-09-09,Google Play,0.0010042557
2022-09-10,Google Play,0.0010074489
2022-09-11,Google Play,0.0010133509
2022-09-12,Google Play,0.0010238185
2022-09-13,Google Play,0.0010366522
2022-09-14,Google Play,0.0010385448
2022-09-15,Google Play,0.0010424048
2022-09-16,Google Play,0.0010529306
2022-09-17,Google Play,0.0010545738
2022-09-18,Google Play,0.0010589374
2022-09-19,Google Play,0.001066641
2022-09-20,Google Play,0.0010697902
2022-09-21,Google Play,0.0010701139
2022-09-22,Google Play,0.0010689544
2022-09-23,Google Play,0.0010672496
2022-09-24,Google Play,0.0010665511
2022-09-25,Google Play,0.0010672604
2022-09-26,Google Play,0.0010676825
2022-09-27,Google Play,0.0010717853
2022-09-28,Google Play,0.0010731284
2022-09-29,Google Play,0.0010737779
2022-09-30,Google Play,0.0010916428
2022-10-01,Google Play,0.0010943611
2022-10-02,Google Play,0.001093863
2022-10-03,Google Play,0.0010974644
2022-10-04,Google Play,0.0010963969
2022-10-05,Google Play,0.0010988778
2022-10-06,Google Play,0.0010977841
2022-10-07,Google Play,0.0010952599
2022-10-08,Google Play,0.0010948532
2022-10-09,Google Play,0.0010939403
2022-10-10,Google Play,0.0010949111
2022-10-11,Google Play,0.0010948707
2022-10-12,Google Play,0.0010953229
2022-10-13,Google Play,0.0010964535
2022-10-14,Google Play,0.0011002589
2022-10-15,Google Play,0.0011010908
2022-10-16,Google Play,0.0011034672
2022-10-17,Google Play,0.0011119057
2022-10-18,Google Play,0.0011095979
2022-10-19,Google Play,0.0011318626
2022-10-20,Google Play,0.0011297157
2022-10-21,Google Play,0.0011295684
2022-10-22,Google Play,0.0011806162
2022-10-23,Google Play,0.0011785994
2022-10-24,Google Play,0.0011776544
2022-10-25,Google Play,0.001184596
2022-10-26,Google Play,0.001245289
2022-10-27,Google Play,0.0012960043
2022-10-28,Google Play,0.0012950778
2022-10-29,Google Play,0.001294085
2022-10-30,Google Play,0.0012929142
2022-10-31,Google Play,0.0013220485
2022-11-01,Google Play,0.0013215282
2022-11-02,Google Play,0.0013242267
2022-11-03,Google Play,0.0013577869
2022-11-04,Google Play,0.001358775
2022-11-05,Google Play,0.00136106
2022-11-06,Google Play,0.0013597977
2022-11-07,Google Play,0.0013576612
2022-11-08,Google Play,0.0013580851
2022-11-09,Google Play,0.0013565174
2022-11-10,Google Play,0.0013579864
2022-11-11,Google Play,0.0013586958
2022-11-12,Google Play,0.0013568704
2022-11-13,Google Play,0.0013550298
2022-11-14,Google Play,0.0013548504
2022-11-15,Google Play,0.0013572539
2022-11-16,Google Play,0.0013559649
2022-11-17,Google Play,0.001354284
2022-11-18,Google Play,0.0013529358
2022-11-19,Google Play,0.0013528421
2022-11-20,Google Play,0.0013533166
2022-11-21,Google Play,0.0013508209
2022-11-22,Google Play,0.0013482685
2022-11-23,Google Play,0.0013475957
2022-11-24,Google Play,0.0013458735
2022-11-25,Google Play,0.0013435463
2022-11-26,Google Play,0.0013409691
2022-11-27,Google Play,0.001344035
2022-11-28,Google Play,0.001342359
2022-11-29,Google Play,0.0013447978
2022-11-30,Google Play,0.0013440304
2022-12-01,Google Play,0.001341266
2022-12-02,Google Play,0.0013410986
2022-12-03,Google Play,0.0013390131
2022-12-04,Google Play,0.0013370723
2022-12-05,Google Play,0.0013981354
2022-12-06,Google Play,0.0015124887
2022-12-07,Google Play,0.0015119137
2022-12-08,Google Play,0.0015119801
2022-12-09,Google Play,0.0015719751
2022-12-10,Google Play,0.0016577516
2022-12-11,Google Play,0.0017711772
2022-12-12,Google Play,0.001936735
2022-12-13,Google Play,0.0020614855
2022-12-14,Google Play,0.0021777393
2022-12-15,Google Play,0.0021780469
2022-12-16,Google Play,0.0021775
2022-12-17,Google Play,0.00218165
2022-12-18,Google Play,0.002180913
2022-12-19,Google Play,0.0021791183
2022-12-20,Google Play,0.0021783249
2022-12-21,Google Play,0.0021680437
2022-12-22,Google Play,0.0021532155
2022-12-23,Google Play,0.0021452308
2022-12-24,Google Play,0.0021358714
2022-12-25,Google Play,0.0021284977
2022-12-26,Google Play,0.002122774
2022-12-27,Google Play,0.002119772
2022-12-28,Google Play,0.0021213435
2022-12-29,Google Play,0.002118797
2022-12-30,Google Play,0.0021137672
2022-12-31,Google Play,0.002107333
2023-01-01,Google Play,0.0021037548
2023-01-02,Google Play,0.0020994297
2023-01-03,Google Play,0.0020935049
2023-01-04,Google Play,0.0020926748
2023-01-05,Google Play,0.0020779471
2023-01-06,Google Play,0.0020610427
2023-01-07,Google Play,0.0020498058
2023-01-08,Google Play,0.0020402924
2023-01-09,Google Play,0.002032748
2023-01-10,Google Play,0.0020362965
2023-01-11,Google Play,0.0020377524
2023-01-12,Google Play,0.0020458908
2023-01-13,Google Play,0.0020412996
2023-01-14,Google Play,0.0020493134
2023-01-15,Google Play,0.002043637
2023-01-16,Google Play,0.002044302
2023-01-17,Google Play,0.0020411536
2023-01-18,Google Play,0.002025705
2023-01-19,Google Play,0.0020098418
2023-01-20,Google Play,0.002004102
2023-01-21,Google Play,0.001998536
2023-01-22,Google Play,0.001994489
2023-01-23,Google Play,0.001988154
2023-01-24,Google Play,0.0019862594
2023-01-25,Google Play,0.0019912012
2023-01-26,Google Play,0.0019775357
2023-01-27,Google Play,0.0019706383
2023-01-28,Google Play,0.0019607544
2023-01-29,Google Play,0.0019500029
2023-01-30,Google Play,0.0019422872
2023-01-31,Google Play,0.0019354923
2023-02-01,Google Play,0.0019301563
2023-02-02,Google Play,0.0019258927
2023-02-03,Google Play,0.0019259056
2023-02-04,Google Play,0.0019243334
2023-02-05,Google Play,0.0019207391
2023-02-06,Google Play,0.0019327276
2023-02-07,Google Play,0.0019444174
2023-02-08,Google Play,0.0019492956
2023-02-09,Google Play,0.001947898
2023-02-10,Google Play,0.0019512759
2023-02-11,Google Play,0.0019474324
2023-02-12,Google Play,0.001943232
2023-02-13,Google Play,0.0019377791
2023-02-14,Google Play,0.0019555937
2023-02-15,Google Play,0.0019549613
2023-02-16,Google Play,0.0019505385
2023-02-17,Google Play,0.0019497082
2023-02-18,Google Play,0.00194393
2023-02-19,Google Play,0.0019378448
2023-02-20,Google Play,0.0019326217
2023-02-21,Google Play,0.0019286206
2023-02-22,Google Play,0.0023319467
2023-02-23,Google Play,0.002321498
2023-02-24,Google Play,0.0023125461
2023-02-25,Google Play,0.0023413722
2023-02-26,Google Play,0.0023413815
2023-02-27,Google Play,0.0023356832
2023-02-28,Google Play,0.002332714
2023-03-01,Google Play,0.0023281418
2023-03-02,Google Play,0.0023240547
2023-03-03,Google Play,0.002323091
2023-03-04,Google Play,0.002317604
2023-03-05,Google Play,0.0023125084
2023-03-06,Google Play,0.002308418
2023-03-07,Google Play,0.0024457253
2023-03-08,Google Play,0.002430794
2023-03-09,Google Play,0.0024120808
2023-03-10,Google Play,0.0024096062
2023-03-11,Google Play,0.0023988253
2023-03-12,Google Play,0.0023914997
2023-03-13,Google Play,0.0023845986
2023-03-14,Google Play,0.0024047191
2023-03-15,Google Play,0.002397708
2023-03-16,Google Play,0.0024080966
2023-03-17,Google Play,0.0024056975
2023-03-18,Google Play,0.0023965505
2023-03-19,Google Play,0.0023905064
2023-03-20,Google Play,0.0023853858
2023-03-21,Google Play,0.0023788922
2023-03-22,Google Play,0.0023711747
2023-03-23,Google Play,0.0023529923
2023-03-24,Google Play,0.002345061
2023-03-25,Google Play,0.0023348373
2023-03-26,Google Play,0.0023254922
2023-03-27,Google Play,0.0023211068
2023-03-28,Google Play,0.00231577
2023-03-29,Google Play,0.0023096132
2023-03-30,Google Play,0.0023042464
2023-03-31,Google Play,0.0022971064
2023-04-01,Google Play,0.0022895737
2023-04-02,Google Play,0.0022839864
2023-04-03,Google Play,0.00227916
2023-04-04,Google Play,0.0022747805
2023-04-05,Google Play,0.0022721796
2023-04-06,Google Play,0.002268592
2023-04-07,Google Play,0.0022521194
2023-04-08,Google Play,0.0020633019
2023-04-09,Google Play,0.0022658927
2023-04-10,Google Play,0.002259118
2023-04-11,Google Play,0.0022545292
2023-04-12,Google Play,0.0023051482
2023-04-13,Google Play,0.0023306655
2023-04-14,Google Play,0.0023261833
2023-04-15,Google Play,0.0023259737
2023-04-16,Google Play,0.0023250573
2023-04-17,Google Play,0.002319736
2023-04-18,Google Play,0.0023190745
2023-04-19,Google Play,0.0023087265
2023-04-20,Google Play,0.0022942198
2023-04-21,Google Play,0.00228293
2023-04-22,Google Play,0.0022804416
2023-04-23,Google Play,0.0022722448
2023-04-24,Google Play,0.0022733882
2023-04-25,Google Play,0.0022202774
2023-04-26,Google Play,0.0022095416
2023-04-27,Google Play,0.0022521005
2023-04-28,Google Play,0.0023857725
2023-04-29,Google Play,0.0023057438
2023-04-30,Google Play,0.0023077584
2023-05-01,Google Play,0.0024025817
2023-05-02,Google Play,0.0024036665
2023-05-03,Google Play,0.002402886
2023-05-04,Google Play,0.0023968385
2023-05-05,Google Play,0.0023932557
2023-05-06,Google Play,0.0023909095
2023-05-07,Google Play,0.002385054
2023-05-08,Google Play,0.0023613072
2023-05-09,Google Play,0.0021813058
2023-05-10,Google Play,0.0021812685
2023-05-11,Google Play,0.0021807023
2023-05-12,Google Play,0.002179196
2023-05-13,Google Play,0.0021806618
2023-05-14,Google Play,0.002178659
2023-05-15,Google Play,0.0023911071
2023-05-16,Google Play,0.0023813949
2023-05-17,Google Play,0.0023769739
2023-05-18,Google Play,0.002361084
2023-05-19,Google Play,0.002350347
2023-05-20,Google Play,0.0023404146
2023-05-21,Google Play,0.0023367517
2023-05-22,Google Play,0.0023318173
2023-05-23,Google Play,0.0023276072
2023-05-24,Google Play,0.002319652
2023-05-25,Google Play,0.002319242
2023-05-26,Google Play,0.0023005572
2023-05-27,Google Play,0.0022927795
2023-05-28,Google Play,0.0022868214
2023-05-29,Google Play,0.0022795268
2023-05-30,Google Play,0.0022903285
2023-05-31,Google Play,0.0022927313
2023-06-01,Google Play,0.002318329
2023-06-02,Google Play,0.0024155562
2023-06-03,Google Play,0.0024105269
2023-06-04,Google Play,0.0024243281
2023-06-05,Google Play,0.0024389862
2023-06-06,Google Play,0.002276545
2023-06-07,Google Play,0.0023197075
2023-06-08,Google Play,0.0023230065
2023-06-09,Google Play,0.0023229888
2023-06-10,Google Play,0.0023195683
2023-06-11,Google Play,0.0023157585
2023-06-12,Google Play,0.0024430281
2023-06-13,Google Play,0.0024364833
2023-06-14,Google Play,0.00242842
2023-06-15,Google Play,0.0024235973
2023-06-16,Google Play,0.0024209598
2023-06-17,Google Play,0.0025836073
2023-06-18,Google Play,0.0025621876
2023-06-19,Google Play,0.0025476725
2023-06-20,Google Play,0.0025431584
2023-06-21,Google Play,0.0025503337
2023-06-22,Google Play,0.0025492972
2023-06-23,Google Play,0.0025419293
2023-06-24,Google Play,0.0025399379
2023-06-25,Google Play,0.0025315355
2023-06-26,Google Play,0.0025319608
2023-06-27,Google Play,0.0025520737
2023-06-28,Google Play,0.0025399718
2023-06-29,Google Play,0.0025345297
2023-06-30,Google Play,0.0025247266
2023-07-01,Google Play,0.0022535021
2023-07-02,Google Play,0.002243765
2023-07-03,Google Play,0.0022390755
2023-07-04,Google Play,0.0022366906
2023-07-05,Google Play,0.0022224395
2023-07-06,Google Play,0.0022077195
2023-07-07,Google Play,0.002196547
2023-07-08,Google Play,0.0021863945
2023-07-09,Google Play,0.0021833566
2023-07-10,Google Play,0.002176184
2023-07-11,Google Play,0.0021851272
2023-07-12,Google Play,0.0021787707
2023-07-13,Google Play,0.0021622456
2023-07-14,Google Play,0.0021509742
2023-07-15,Google Play,0.0021419616
2023-07-16,Google Play,0.0021332642
2023-07-17,Google Play,0.0021264898
2023-07-18,Google Play,0.0021213093
2023-07-19,Google Play,0.0021581524
2023-07-20,Google Play,0.0021513538
2023-07-21,Google Play,0.0021455633
2023-07-22,Google Play,0.0021431427
2023-07-23,Google Play,0.0021371157
2023-07-24,Google Play,0.0021321096
2023-07-25,Google Play,0.0021268516
2023-07-26,Google Play,0.002121216
2023-07-27,Google Play,0.0021077446
2023-07-28,Google Play,0.0021374994
2023-07-29,Google Play,0.002130104
2023-07-30,Google Play,0.002119015
2023-07-31,Google Play,0.0021097313
2023-08-01,Google Play,0.0021040821
2023-08-02,Google Play,0.0021454438
2023-08-03,Google Play,0.0021382475
2023-08-04,Google Play,0.0021291594
2023-08-05,Google Play,0.0021216767
2023-08-06,Google Play,0.0021133688
2023-08-07,Google Play,0.0021296395
2023-08-08,Google Play,0.0021250693
2023-08-09,Google Play,0.0021224425
2023-08-10,Google Play,0.0021185747
2023-08-11,Google Play,0.002115723
2023-08-12,Google Play,0.002117386
2023-08-13,Google Play,0.0021195624
2023-08-14,Google Play,0.0021448394
2023-08-15,Google Play,0.002158525
2023-08-16,Google Play,0.0022043127
2023-08-17,Google Play,0.002201999
2023-08-18,Google Play,0.00220309
2023-08-19,Google Play,0.0022037823
2023-08-20,Google Play,0.0022023127
2023-08-21,Google Play,0.0022000067
2023-08-22,Google Play,0.0021967427
2023-08-23,Google Play,0.0022435775
2023-08-24,Google Play,0.0022435358
2023-08-25,Google Play,0.002243197
2023-08-26,Google Play,0.0022416872
2023-08-27,Google Play,0.0022440853
2023-08-28,Google Play,0.0022478728
2023-08-29,Google Play,0.0022495918
2023-08-30,Google Play,0.0022429565
2023-08-31,Google Play,0.0022345544
2023-09-01,Google Play,0.0022328773
2023-09-02,Google Play,0.0022289718
2023-09-03,Google Play,0.002248728
2023-09-04,Google Play,0.002247459
2023-09-05,Google Play,0.0022488863
2023-09-06,Google Play,0.0022480204
2023-09-07,Google Play,0.0022524358
2023-09-08,Google Play,0.0022525268
2023-09-09,Google Play,0.0022484865
2023-09-10,Google Play,0.0022480215
2023-09-11,Google Play,0.0022447081
2023-09-12,Google Play,0.0022573706
2023-09-13,Google Play,0.0022559194
2023-09-14,Google Play,0.0022450807
2023-09-15,Google Play,0.0022360794
2023-09-16,Google Play,0.0022292072
2023-09-17,Google Play,0.002221823
2023-09-18,Google Play,0.0022153358
2023-09-19,Google Play,0.0022101984
2023-09-20,Google Play,0.0022068399
2023-09-21,Google Play,0.002199134
2023-09-22,Google Play,0.0021927645
2023-09-23,Google Play,0.0021872108
2023-09-24,Google Play,0.0021824178
2023-09-25,Google Play,0.002178475
2023-09-26,Google Play,0.002208879
2023-09-27,Google Play,0.002207599
2023-09-28,Google Play,0.0022103267
2023-09-29,Google Play,0.002218829
2023-09-30,Google Play,0.0022126744
2023-10-01,Google Play,0.0022092266
2023-10-02,Google Play,0.0022069481
2023-10-03,Google Play,0.0022059786
2023-10-04,Google Play,0.002202018
2023-10-05,Google Play,0.00219924
2023-10-06,Google Play,0.002201218
2023-10-07,Google Play,0.0022095784
2023-10-08,Google Play,0.0022079474
2023-10-09,Google Play,0.0022093537
2023-10-10,Google Play,0.0022066052
2023-10-11,Google Play,0.0021986703
2023-10-12,Google Play,0.0021980857
2023-10-13,Google Play,0.0021957865
2023-10-14,Google Play,0.0022012447
2023-10-15,Google Play,0.0022021115
2023-10-16,Google Play,0.002204295
2023-10-17,Google Play,0.0022088184
2023-10-18,Google Play,0.0022027744
2023-10-19,Google Play,0.0021985816
2023-10-20,Google Play,0.0021958288
2023-10-21,Google Play,0.002198042
2023-10-22,Google Play,0.0021994838
2023-10-23,Google Play,0.002205304
2023-10-24,Google Play,0.0022098317
2023-10-25,Google Play,0.00221713
2023-10-26,Google Play,0.0021177514
2023-10-27,Google Play,0.002231111
2023-10-28,Google Play,0.0022128157
2023-10-29,Google Play,0.0022060683
2023-10-30,Google Play,0.0022091605
2023-10-31,Google Play,0.0022143207
2023-11-01,Google Play,0.0022148283
2023-11-02,Google Play,0.0022175456
2023-11-03,Google Play,0.002217608
2023-11-04,Google Play,0.0022164835
2023-11-05,Google Play,0.0022148327
2023-11-06,Google Play,0.0022226924
2023-11-07,Google Play,0.002229579
2023-11-08,Google Play,0.002231289
2023-11-09,Google Play,0.0022317711
2023-11-10,Google Play,0.0022286756
2023-11-11,Google Play,0.0022270498
2023-11-12,Google Play,0.0022262712
2023-11-13,Google Play,0.0022247073
2023-11-14,Google Play,0.002223769
2023-11-15,Google Play,0.002224862
2023-11-16,Google Play,0.0022203946
2023-11-17,Google Play,0.0022159396
2023-11-18,Google Play,0.0022080098
2023-11-19,Google Play,0.0022073495
2023-11-20,Google Play,0.0022075146
2023-11-21,Google Play,0.0022057141
2023-11-22,Google Play,0.0022047649
2023-11-23,Google Play,0.0022090035
2023-11-24,Google Play,0.0022028903
2023-11-25,Google Play,0.002195426
2023-11-26,Google Play,0.0022142555
2023-11-27,Google Play,0.0022143966
2023-11-28,Google Play,0.0022122702
2023-11-29,Google Play,0.002208068
2023-11-30,Google Play,0.0021980791
2023-12-01,Google Play,0.0021934651
2023-12-02,Google Play,0.002186118
2023-12-03,Google Play,0.002180974
2023-12-04,Google Play,0.0021808448
2023-12-05,Google Play,0.002177052
2023-12-06,Google Play,0.0021444927
2023-12-07,Google Play,0.0021373054
2023-12-08,Google Play,0.0021732182
2023-12-09,Google Play,0.0021609757
2023-12-10,Google Play,0.002135165
2023-12-11,Google Play,0.0021318155
2023-12-12,Google Play,0.0021258914
2023-12-13,Google Play,0.0021144217
2023-12-14,Google Play,0.0021046125
2023-12-15,Google Play,0.0020966819
2023-12-16,Google Play,0.0020886122
2023-12-17,Google Play,0.002108802
2023-12-18,Google Play,0.0020900783
2023-12-19,Google Play,0.002071019
2023-12-20,Google Play,0.00204503
2023-12-21,Google Play,0.0020353638
2023-12-22,Google Play,0.0020251947
2023-12-23,Google Play,0.0020126873
2023-12-24,Google Play,0.0020023081
2023-12-25,Google Play,0.001995586
2023-12-26,Google Play,0.0019886605
2023-12-27,Google Play,0.0019739966
2023-12-28,Google Play,0.0019618534
2023-12-29,Google Play,0.0019505739
2023-12-30,Google Play,0.0019389159
2023-12-31,Google Play,0.0019340289
